name,estimated_number
Casey,176544.328149
Riley,154860.665173
Jessie,136381.830656
Jackie,132928.78874
Avery,121797.419516
